id,product_name,product_quantity,customer_name,customer_email,customer_phone,user_name,date
1,car,3,mohammed,mg@gmail.com,01204190915,Amira,2024-09-10T17:09:14.928865
2,car,3,mohammed,mg@gmail.com,01204190915,Amira,2024-09-10T17:12:34.800403
3,car,3,mohammed,mg@gmail.com,01204190915,Amira,2024-09-10T18:04:23.522218
4,car,3,mohammed,mg@gmail.com,1204190915,Amira,2024-09-10T18:34:12.186751
5,car,3,mohammed,mg@gmail.com,1204190915,Amira,2024-09-10T18:34:12.186751
6,car,3,mohammed,mg@gmail.com,1204190915,Amira,2024-09-11T11:44:27.186949
7,car,3,mohammed,mg@gmail.com,1204190915,Amira,2024-09-11T11:44:27.186949
9,car,3,mohammed,mg@gmail.com,1204190915,Amira,2024-09-11T11:46:51.822319
10,car,3,ahmed,mg@gmail.com,01204190915,Amira,2024-09-11T11:50:44.683524
